id,input,reference_answer
1,"İnternetim sürekli kopuyor, durduk yere bağlantım gidiyor. Ne yapabilirim?","İnternet bağlantınızdaki kopma sorununu anlıyorum, bu gerçekten rahatsız edici bir durum olabilir. Size yardımcı olabilmem için öncelikle kimlik doğrulaması yapmamız ve ardından genel hizmet durumunuzu kontrol etmemiz gerekiyor. Bunun olası nedenleri arasında zayıf kablosuz sinyal, gevşek kablolar, modem arızası veya bölgesel altyapı sorunları bulunabilir. Öncelikle müşteri numaranızı veya telefon numaranızı alabilir miyim? Daha sonra, bölgesel arıza kontrolü yapıp, gerekirse IP oturumunuzu sıfırlama gibi çözüm adımlarını birlikte uygulayabiliriz."
2,"Müşteri numarası 12345 olan kişinin internet bağlantısı neden sürekli kopuyor?","Müşteri numarası 12345'e ait internet bağlantı sorununu detaylıca inceliyorum. Bu tür kesintilerin olası nedenleri arasında bölgesel bir altyapı arızası, hattaki elektriksel parazitler veya modem/yönlendirici kaynaklı problemler olabilir. Sorunu çözmek için öncelikle hizmet durumunuzu kontrol edip, ardından bölgesel bir arıza olup olmadığını sorgulayacak ve gerekirse hattınızda bir test başlatacağım. Bu sayede bağlantının neden koptuğunu anlayıp, IP oturumunu sıfırlama gibi çözüm adımlarını uygulayabiliriz."
3,"Son 3 gündür internetim sürekli gidiyor geliyor, çok sinir bozucu.","İnternetinizin son 3 gündür sürekli gidip gelmesi gerçekten can sıkıcı bir durumdur. Bu sorunun olası nedenleri arasında zayıf kablosuz sinyal, gevşek kablolar, modem arızası, bölgesel altyapı sorunları veya hattınızdaki elektriksel parazitler bulunabilir. Size yardımcı olabilmek için kimlik doğrulaması yapmamız ve ardından hizmet durumunuzu ve hattınızı test etmemiz gerekiyor. Müşteri numaranızı veya telefon numaranızı paylaşabilir misiniz? Bu sayede arıza kaydı oluşturma gibi adımlara geçebiliriz."
4,"İnternetim her 10 dakikada bir kopuyor, İstanbul'da yaşıyorum.","İstanbul'da internet bağlantınızın her 10 dakikada bir kopması oldukça düzenli bir soruna işaret ediyor. Bu durum genellikle bölgesel altyapıdaki yoğunluk, bakım çalışmaları veya hattaki stabilite sorunlarından kaynaklanır. Öncelikle kimliğinizi doğrulamam ve ardından İstanbul'daki bölgesel arızaları kontrol etmem gerekiyor. Müşteri numaranızı veya telefon numaranızı alabilir miyim? Daha sonra hattınızda detaylı bir test başlatarak sorunun kaynağını belirleyebiliriz."
5,"Akşam saatlerinde internet çok yavaş ve sık sık kopuyor.","Akşam saatlerindeki internet yavaşlığı ve kopma sorunu genellikle yoğun kullanım saatlerinde yaşanan ağ tıkanıklığı veya bölgesel kapasite sorunlarından kaynaklanır. Bu durumu çözmek için modeminizde güç döngüsü yapmak, IP oturumunuzu sıfırlamak ve ardından hizmet durumunuzu kontrol etmek önemlidir. Size yardımcı olabilmek için müşteri numaranızı veya telefon numaranızı alabilir miyim?"
6,"Modemim çalışmıyor, hiçbir ışık yanmıyor.","Modeminizde hiçbir ışığın yanmaması, genellikle bir güç problemi veya ciddi bir arıza olduğunu gösterir. Bu durumda yapmanız gereken ilk şey, güç adaptörü ve kablonun prize ve modeme sağlam bir şekilde takılı olduğunu kontrol etmektir. Ardından, modemi 30 saniye boyunca fişten çekip tamamen kapatıp yeniden başlatmayı deneyin. Eğer hala ışıklar yanmıyorsa, farklı bir duvar prizi veya uzatma kablosu olmadan direkt prizde denemenizi öneririm. Bu arada, size yardımcı olabilmem için müşteri numaranızı alabilir miyim?"
7,"Modemde sadece güç ışığı yanıyor, internet ışığı yanmıyor.","Modeminizde sadece güç ışığının yanıp internet ışığının yanmaması, DSL veya fiber bağlantınızda bir sinyal sorunu olduğunu gösterir. Bu durumda, öncelikle modem üzerindeki DSL/Internet ışığının durumunu kontrol etmeliyiz. Müşteri numaranızı veya telefon numaranızı alabilir miyim? Ardından, hattınızda bir test başlatarak sinyal gelip gelmediğini kontrol edebiliriz."
8,"Modemimi fişten çektim ama yine ışıklar yanmıyor.","Modeminizi fişten çekip takmanıza rağmen ışıkların hala yanmaması, modemin kendisinde veya güç adaptöründe bir sorun olabileceğini düşündürüyor. Bu durumda, uygun çıkışlı yedek bir adaptörle test etme veya teknik destek ekibimizin dahili güç kaynağı kontrolü yapması gerekebilir. Müşteri numaranızı alarak arıza kaydı oluşturabiliriz, böylece size daha detaylı yardımcı olabiliriz."
9,"Modemde kırmızı ışık yanıyor, ne anlama geliyor?","Modeminizdeki kırmızı ışık, genellikle ciddi bir bağlantı hatasını veya donanımsal bir arızayı işaret eder. Bu durum, DSL/Internet sinyalinin olmaması veya modeminizin kendisinde bir sorun olduğu anlamına gelebilir. Size yardımcı olabilmek için öncelikle müşteri numaranızı almam ve ardından modem üzerindeki tüm LED göstergelerinin konfigürasyonunu kontrol etmem gerekiyor. Hattınızda bir test başlatarak sorunun kaynağını belirleyebiliriz."
10,"Modemde hiçbir ışık yanmıyor, elektrik var ama çalışmıyor.","Modeminizin elektrik almasına rağmen hiçbir ışığının yanmaması, cihazın dahili güç kaynağında veya anakartında bir arıza olabileceğini düşündürüyor. Bu durumda, öncelikle modemi fişten çekip 30 saniye bekledikten sonra tekrar takarak bir güç döngüsü yapın. Eğer sorun devam ederse, müşteri numaranızı alarak teknik destek ekibi sevk etme veya garanti kapsamında cihaz değişimi/onarım işlemi başlatma gibi adımlar atabiliriz."
11,"Telefondan internete giremiyorum ama bilgisayar çalışıyor.","Telefonunuzdan internete girememeniz ancak bilgisayarınızın çalışması, sorunun genellikle cihazın kendisinden, WiFi bağlantı ayarlarından veya IP oturumu çakışmasından kaynaklandığını gösterir. Öncelikle IP oturumunuzu sıfırlamayı deneyebiliriz. Bu işlem, genellikle cihazlar arasındaki çakışmaları gidermeye yardımcı olur. Müşteri numaranızı alabilir miyim?"
12,"Laptop bağlanıyor ama telefonum WiFi'ye bağlanamıyor.","Laptopunuzun bağlanıp telefonunuzun WiFi'ye bağlanamaması, telefonunuzdaki WiFi ayarları veya IP oturumuyla ilgili bir sorun olabilir. Öncelikle telefonunuzun ağ ayarlarını sıfırlamayı deneyebilirsiniz. Ayrıca, müşteri numaranızı alarak sizin için IP oturumunuzu sıfırlayabilir ve modeminizi bir kez kapatıp açmanızı önerebilirim."
13,"Smart TV internetle bağlanamıyor, diğer cihazlar çalışıyor.","Akıllı TV'nizin internete bağlanamaması, ancak diğer cihazlarınızın sorunsuz çalışması, genellikle TV'nin kendi ağ ayarları, IP oturumu veya kablosuz bağlantı sorunlarından kaynaklanır. Müşteri numaranızı alarak IP oturumunuzu sıfırlamayı deneyebiliriz. Ayrıca TV'nizin ağ ayarlarını kontrol etmeniz veya TV'yi yeniden başlatmanız da sorunu çözebilir."
14,"Tablet WiFi'ye bağlanıyor ama internet açmıyor.","Tabletinizin WiFi'ye bağlanıp internetin açılmaması, genellikle DNS ayarları, IP oturumu çakışması veya cihazın kendi yazılımından kaynaklanır. Müşteri numaranızı alabilir miyim? IP oturumunuzu sıfırlamayı deneyebilir ve size DNS ayarlarınızı kontrol etmeniz konusunda bilgi verebilirim."
15,"Sadece bilgisayarım internete çıkabiliyor, diğer cihazlar bağlanamıyor.","Sadece bilgisayarınızın internete bağlanabilmesi ve diğer cihazların bağlanamaması, genellikle modeminizin veya yönlendiricinizin kablosuz ağ ayarlarıyla, IP dağıtımıyla ya da genel bir IP oturumu sorunuyla ilgili olabilir. Öncelikle modeminizi bir kez kapatıp açmayı deneyin. Müşteri numaranızı alarak IP oturumunuzu sıfırlayabilir ve modeminizin ayarlarını kontrol etmeniz konusunda yardımcı olabilirim."
16,"Ankara'da modemimde hiçbir ışık yanmıyor, elektrik kesinlikle var.","Ankara'da modeminizde hiç ışık yanmaması ve elektriğin var olması ciddi bir sorun olabilir. Bu durumda, öncelikle modeminizi fişten çekip 30 saniye bekledikten sonra tekrar takarak bir güç döngüsü yapın. Ayrıca, Ankara'da bölgesel bir arıza olup olmadığını kontrol etmeliyiz. Müşteri numaranızı alabilir miyim, böylece hattınızı ve bölgedeki durumu kontrol edebiliriz?"
17,"Müşteri numarası 67890, internet bağlantısı çok yavaş.","Müşteri numarası 67890'a ait internet bağlantı hızınızın düştüğünü anlıyorum. Bu durumun olası nedenleri arasında ağda tıkanıklık, ISP altyapısında kapasite kısıtlaması veya cihazlarınızın arka planda yoğun trafik kullanması olabilir. Size yardımcı olabilmek için öncelikle hizmet durumunuzu kontrol edeceğim. Ardından, hız testi yaparak durumu netleştirebilir ve IP oturumunuzu sıfırlayarak iyileşme sağlayabiliriz."
18,"PlayStation WiFi'ye bağlanmıyor, diğer cihazlarım normal.","PlayStation'ınızın WiFi'ye bağlanamaması ancak diğer cihazlarınızın normal çalışması, genellikle PlayStation'ın ağ ayarları, IP oturumu veya WiFi kanal çakışmasından kaynaklanır. Müşteri numaranızı alarak IP oturumunuzu sıfırlamayı deneyebiliriz. Ayrıca, modeminizin WiFi kanal ayarlarını kontrol etmeniz de faydalı olabilir."
19,"İzmir'de yaşıyorum, internetim sadece gece kopuyor.","İzmir'de internetinizin sadece gece saatlerinde kopması, genellikle yoğun kullanım saatlerinde bölgesel ağ tıkanıklığı, rutin bakım çalışmaları veya yerel altyapı sorunlarından kaynaklanabilir. Size yardımcı olabilmek için müşteri numaranızı almam ve ardından İzmir bölgesindeki olası arızaları ve bakım çalışmalarını kontrol etmem gerekiyor."
20,"Modemim sürekli yanıp sönüyor, kararlı durmuyor.","Modeminizin sürekli yanıp sönmesi ve kararlı çalışmaması, hattınızda sinyal dalgalanmaları, güç sorunları veya modem arızasına işaret eder. Bu durumu çözmek için öncelikle modeminizi fişten çekip tekrar takarak bir güç döngüsü yapın. Müşteri numaranızı alarak hattınızın stabilite testini yapabilir ve gerekirse teknik destek ekibi sevk ederek arıza kaydı oluşturabiliriz."
21,"iPhone'um WiFi şifresini kabul etmiyor, diğer telefonlar çalışıyor.","iPhone'unuzun WiFi şifresini kabul etmemesi ancak diğer telefonların çalışması, genellikle iPhone'un ağ ayarları, kayıtlı ağ bilgileri veya IP oturumuyla ilgili bir sorun olabilir. Müşteri numaranızı alarak IP oturumunuzu sıfırlamayı deneyebiliriz. Ayrıca, iPhone'unuzdaki kayıtlı ağı silip tekrar bağlanmayı denemeniz de faydalı olabilir."
22,"Müşteri numarası 54321, sadece YouTube açılmıyor diğer siteler normal.","Müşteri numarası 54321'e ait sadece YouTube'a erişim sorununu anlıyorum. Bu tür sorunlar genellikle DNS ayarlarından, belirli bir servisin bölgesel engellemelerinden veya IP oturumu çakışmasından kaynaklanır. IP oturumunuzu sıfırlamayı deneyebiliriz ve size farklı DNS sunucusu ayarlarını denemenizi önerebilirim."
23,"Modemde sarı ışık yanıp sönüyor, internet bazen çalışıyor.","Modeminizdeki sarı ışığın yanıp sönmesi ve internetin ara sıra çalışması, genellikle hattınızda kararsız bir sinyal olduğunu veya DSL bağlantısında bir sorun olduğunu gösterir. Müşteri numaranızı alarak modem üzerindeki DSL ışığının durumunu kontrol etmeli ve hattınızda detaylı bir stabilite testi başlatmalıyız."
24,"Bursa'da internetim çok yavaş, indirme hızım düştü.","Bursa'da internet hızınızın düştüğünü ve indirme hızınızın etkilendiğini anlıyorum. Bu durumun olası nedenleri arasında bölgesel altyapı yoğunluğu, ağda tıkanıklık veya hattınızdaki kapasite kısıtlamaları olabilir. Müşteri numaranızı alarak Bursa bölgesindeki olası altyapı sorunlarını ve hız testinizi detaylıca kontrol edebiliriz."
25,"Netflix izlerken sürekli duraksıyor, diğer videolar normal.","Netflix izlerken sürekli duraksama, ancak diğer videoların normal çalışması, genellikle internet hızınızın streaming platformuna yetersiz kalması, IP oturumu sorunları veya QoS ayarlarıyla ilgili olabilir. Müşteri numaranızı alarak IP oturumunuzu sıfırlamayı deneyebilir ve hız testi sonuçlarınızla Netflix'in önerdiği hızları karşılaştırabiliriz."
26,"Modemimi değiştirdim ama yine aynı sorunlar var, ışık yanmıyor.","Modeminizi değiştirmenize rağmen hala ışıkların yanmaması, sorunun modemin kendisinden ziyade elektrik bağlantısı veya hattınızdan kaynaklandığını gösterir. Modeminizi farklı bir prizde deneyin. Ardından müşteri numaranızı alarak yeni modeminizin konfigürasyonunu kontrol etmeli ve hattınızda kapsamlı bir test başlatmalıyız."
27,"Adana'da internetim sabah çalışıyor, öğleden sonra kopuyor.","Adana'da internetinizin günün belirli saatlerinde, özellikle öğleden sonra kopması, o saatlerde bölgesel ağdaki yoğunluk veya altyapıdaki periyodik bakım çalışmalarından kaynaklanabilir. Müşteri numaranızı alarak Adana bölgesindeki olası arızaları ve rutin bakım kontrollerini inceleyebiliriz."
28,"Xbox Live'a bağlanamıyorum, internet var ama oyun oynayamıyorum.","Xbox Live'a bağlanamamanız ancak diğer internet işlemlerinizin normal olması, genellikle oyun konsolunun ağ ayarları, port yapılandırması veya IP oturumu çakışmasıyla ilgili olabilir. Müşteri numaranızı alarak IP oturumunuzu sıfırlamayı deneyebilir ve size port yönlendirme ayarları hakkında bilgi verebilirim."
29,"Müşteri ID 10000001, modem ışıkları sürekli kırmızı yanıyor.","Müşteri ID 10000001'e ait modeminizin sürekli kırmızı ışık yakması, ciddi bir bağlantı hatası veya modem arızasına işaret ediyor. Bu durumun olası nedenleri arasında servis kesintisi, DSL sinyal kaybı veya modem donanım sorunu bulunur. Öncelikle hizmet durumunuzu ve modeminizdeki DSL ışığının konfigürasyonunu kontrol etmeliyiz. Hattınızda detaylı bir test başlatarak sorunun kaynağını belirleyebiliriz."
30,"Antalya'da fiber internetim kopuk kopuk çalışıyor.","Antalya'da fiber internetinizin kopuk kopuk çalışması, fiber hattınızda sinyal kaybı, bölgesel altyapıda sorunlar veya modeminizde arıza olabileceğini düşündürüyor. Müşteri numaranızı alarak hattınızda fiber hat testi yapmalı ve Antalya bölgesindeki altyapı durumunu kontrol etmeliyiz."
31,"Zoom toplantılarında ses gidiyor geliyor, video donuyor.","Zoom toplantılarında yaşadığınız ses ve video sorunları, internet hızınızın veya bağlantı kalitenizin video konferans için yetersiz kalmasından kaynaklanır. Bu durum, özellikle upload hızınızın düşük olması veya ağdaki yoğunluktan etkilenebilir. Müşteri numaranızı alarak hız testi yapmalı ve gerekirse IP oturumunuzu sıfırlayarak bağlantınızı optimize etmeliyiz."
32,"Modemim çok sıcak oluyor ve sonra internet kopuyor.","Modeminizin aşırı ısınması ve ardından internetin kopması, modemin dahili donanımında bir arıza veya yetersiz soğutma nedeniyle performansı düşmesinden kaynaklanabilir. Öncelikle modemin etrafındaki hava akışını kontrol edin ve fişten çekip 30 saniye bekledikten sonra tekrar takın. Müşteri numaranızı alarak modeminizin durumunu kontrol edebilir ve gerekirse arıza kaydı oluşturabiliriz."
33,"Gaziantep'te yaşıyorum, her gün aynı saatte internet kopuyor.","Gaziantep'te her gün aynı saatte internetinizin kopması, bölgesel altyapıda düzenli bakım çalışmaları, peak saat yoğunluğu veya sistemsel bir rutinle ilgili olabilir. Müşteri numaranızı alarak Gaziantep bölgesindeki olası arızaları ve rutin bakım kontrollerini inceleyebilirim."
34,"WhatsApp Web çalışmıyor ama diğer siteler açılıyor.","WhatsApp Web'in çalışmaması ancak diğer sitelerin açılması, genellikle belirli portların engellenmesi, DNS ayarları veya IP oturumu çakışmasından kaynaklanır. Müşteri numaranızı alarak IP oturumunuzu sıfırlamayı deneyebiliriz ve size farklı DNS sunucusu ayarlarını denemenizi önerebilirim."
35,"Müşteri numarası 10000002, sadece WiFi çalışmıyor, kablo normal.","Müşteri numarası 10000002'ye ait sadece WiFi'nin çalışmaması ve kablolu bağlantının normal olması, modeminizin WiFi donanımında veya kablosuz ayarlarında bir sorun olduğunu gösterir. Öncelikle hizmet durumunuzu kontrol etmeli, ardından modeminizin WiFi antenini ve kablosuz ayarlarını incelemeliyiz."
36,"Kayseri'de fiber modemim mavi ışık yanıyor ama internet yok.","Kayseri'de fiber modeminizin mavi ışık yakıp internet bağlantısının olmaması, genellikle fiber sinyalinde bir kopukluk, bölgesel altyapı sorunu veya modem konfigürasyon hatasından kaynaklanır. Müşteri numaranızı alarak fiber sinyal kontrolü yapmalı ve Kayseri bölgesindeki altyapı durumunu incelemeliyiz."
37,"Steam oyun indirirken internet çok yavaşlıyor.","Steam'den oyun indirirken internet hızınızın düşmesi, genellikle yüksek bant genişliği kullanımı, QoS ayarlarının yetersizliği veya arka planda çalışan diğer uygulamalarla ilgilidir. Müşteri numaranızı alarak upload trafiğinizi analiz edebilir ve IP oturumunuzu sıfırlayarak bant genişliği yönetimi konusunda yardımcı olabiliriz."
38,"Modemimi kapatıp açtım, şimdi hiç ışık yanmıyor.","Modeminizi kapatıp açmanıza rağmen hiç ışık yanmaması, daha ciddi bir arıza olduğunu ve modeminize güç gelmediğini düşündürüyor. Müşteri numaranızı alarak modeminizi fabrika ayarlarına sıfırlama (eğer mümkünse) veya konfigürasyonu geri yükleme adımlarını düşünebilir, gerekirse arıza kaydı oluşturabiliriz."
39,"Samsun'da ADSL internetim çok yavaş, fiber geçmek istiyorum.","Samsun'da ADSL internetinizin yavaş olduğunu ve fiber internete geçmek istediğinizi anlıyorum. Müşteri numaranızı alarak adresinizde fiber altyapı uygunluğunu kontrol edebilir ve size mevcut fiber paketlerimizi ve değişim süreçlerini detaylıca anlatabilirim."
40,"Instagram ve Facebook açılmıyor, Google açılıyor.","Instagram ve Facebook'a erişim sağlayamamanız ancak Google'a erişebilmeniz, genellikle belirli servislerin engellenmesi, DNS ayarları veya IP oturumu çakışmasından kaynaklanır. Müşteri numaranızı alarak IP oturumunuzu sıfırlamayı deneyebiliriz ve size farklı DNS sunucusu ayarlarını denemenizi önerebilirim."
41,"Müşteri ID 10000003, evde 5 cihaz var, hepsi yavaş.","Müşteri ID 10000003'e ait evdeki 5 cihazınızın yavaş çalıştığını anlıyorum. Bu durum, mevcut bant genişliğinizin yetersiz kalmasından, router kapasitesinin sınırlı olmasından veya aynı anda çok fazla cihazın interneti yoğun kullanmasından kaynaklanabilir. Hizmet durumunuzu ve bant genişliği kullanımınızı analiz edebiliriz."
42,"Trabzon'da modemim sürekli yeniden başlıyor kendiliğinden.","Trabzon'da modeminizin kendiliğinden sürekli yeniden başlaması, bir güç sorunu, aşırı ısınma, firmware hatası veya dahili bir arıza olabileceğini gösterir. Müşteri numaranızı alarak modeminizin kararlılık testini yapmalı ve güç kaynağını kontrol etmeliyiz."
43,"Online oyunlarda ping çok yüksek, diğer kullanım normal.","Online oyunlarda yüksek ping, ancak diğer kullanımların normal olması, genellikle ağ gecikmesi, IP oturumu çakışması veya oyun sunucularına olan bağlantı kalitesinden kaynaklanır. Müşteri numaranızı alarak ping testi yapmalı, IP oturumunuzu sıfırlamayı denemeli ve size oyun optimizasyonu için öneriler sunabiliriz."
44,"Yeni modem kurduk ama WiFi şifresi çalışmıyor.","Yeni modeminizi kurmanıza rağmen WiFi şifresinin çalışmaması, yanlış şifre girişi, modem konfigürasyon hatası veya WiFi ayarlarındaki bir problemden kaynaklanır. Müşteri numaranızı alarak WiFi şifresini sıfırlama veya modeminizin kablosuz ayarlarını yeniden yapılandırma konusunda yardımcı olabiliriz."
45,"Eskişehir'de yaşıyorum, upload hızım çok düşük.","Eskişehir'de upload hızınızın çok düşük olduğunu anlıyorum. Bu durum, hattınızdaki teknik bir sorun, bölgesel altyapı kısıtlaması veya genel ağ yoğunluğundan kaynaklanabilir. Müşteri numaranızı alarak hattınızın detaylı hız testini yapmalı ve Eskişehir bölgesindeki altyapı analizini gerçekleştirmeliyiz."
46,"Video konferanslarda görüntü donuyor ama ses normal.","Video konferanslarda görüntünün donması ancak sesin normal olması, genellikle internetinizin video akışını destekleyecek upload veya download hızına sahip olmaması, QoS ayarları veya bant genişliği yönetiminden kaynaklanır. Müşteri numaranızı alarak video akışı optimizasyonu için öneriler sunabilir ve bant genişliği testinizi yapabiliriz."
47,"Müşteri numarası 10000004, akıllı TV Netflix'te tampon sorunu.","Müşteri numarası 10000004'e ait akıllı TV'nizdeki Netflix tampon sorununu anlıyorum. Bu durum, internet hızınızın Netflix'in önerdiği hıza ulaşmaması, streaming kalite ayarları veya akıllı TV'nin kendi ağ ayarlarından kaynaklanabilir. Hizmet durumunuzu kontrol edip, streaming kalite ayarlarınızı optimize etme konusunda yardımcı olabiliriz."
48,"Konya'da fiber internet kesilmesi çok oluyor, neden?","Konya'da fiber internet kesintilerinin sıklaştığını anlıyorum. Bu durum genellikle Konya'daki fiber altyapı çalışmalarından, bölgesel arızalardan veya hattınızdaki sinyal sorunlarından kaynaklanır. Müşteri numaranızı alarak Konya fiber altyapı durumunu ve kesinti geçmişinizi analiz edebiliriz."
49,"Modem kablosunu değiştirdim ama hâlâ bağlantı problemi var.","Modem kablosunu değiştirmenize rağmen bağlantı sorununun devam etmesi, sorunun kablolardan ziyade hat sinyali, bölgesel altyapı veya modemin kendisiyle ilgili olabileceğini gösterir. Müşteri numaranızı alarak hattınızda sinyal kontrolü yapmalı ve güç döngüsü deneyerek durumu yeniden değerlendirmeliyiz."
50,"Cloud backup yaparken internet hızı çok düşüyor.","Bulut yedekleme yaparken internet hızınızın düşmesi, genellikle yoğun upload trafiği, bant genişliği yönetiminin yetersizliği veya QoS ayarlarından kaynaklanır. Müşteri numaranızı alarak upload trafiğinizi analiz edebilir ve bant genişliği yönetimi veya IP oturumu sıfırlama konusunda size yardımcı olabiliriz."
51,"Modemim çalışmıyor ve faturamı görmek istiyorum.","Modeminizin çalışmadığını ve faturanızı görmek istediğinizi anlıyorum. Öncelikle modeminizin güç adaptörü ve kablosunun sağlamlığını kontrol etmenizi ve modemi 30 saniye kapatıp yeniden başlatmanızı rica edeceğim. Ardından, müşteri numaranızı alarak son faturanızın detaylarını size iletebilirim."
52,"İnternetim kopuyor ve paketimi değiştirmek istiyorum.","İnternet bağlantınızdaki kopma sorununu anlıyorum ve paket değişimi talebinizi de görüyorum. Bu iki konuyu da birlikte ele alabiliriz. Öncelikle kimlik doğrulaması için müşteri numaranızı alacağım. Ardından internet sorununuzun olası nedenlerini (hizmet durumu, bölgesel arıza) kontrol edip çözüm adımlarını (IP oturumu sıfırlama) uygulayacağım. Sorun giderildikten sonra veya paralel olarak, size uygun mevcut paketleri listeleyecek ve paket değişim sürecini başlatmanıza yardımcı olacağım."
53,"Faturam yüksek geldi, ayrıca modemim de çok yavaş.","Faturanızın yüksek geldiğini ve modeminizin yavaş çalıştığını anlıyorum, bu durumları düzeltmek için buradayım. Kimlik doğrulamanız için müşteri numaranızı alabilir miyim? Daha sonra faturanızın detaylarını inceleyerek yüksekliğin nedenini açıklayacağım. Aynı zamanda, modeminizin yavaş çalışma sorununu çözmek için hız testi yapacak ve gerekirse IP oturumunuzu sıfırlama adımlarını uygulayacağım."
54,"Teknisyen randevusu alabilir miyim, ayrıca son faturamı öğrenmek istiyorum.","Evet, teknisyen randevusu oluşturabilir ve son faturanız hakkında bilgi verebilirim. Kimlik doğrulamanız için müşteri numaranızı alabilir miyim? Ardından, teknisyen randevusu planlama sürecini başlatacak, size uygun tarih ve saat seçeneklerini sunacağım. Aynı zamanda, sistemimizden son faturanızın bilgilerini (tutar, son ödeme tarihi) sorgulayıp size ileteceğim."
55,"Modem ışığı yanmıyor ve geri arama talep ediyorum.","Modeminizin ışığının yanmaması, bir güç veya bağlantı sorununa işaret ediyor. Size yardımcı olabilmek için kimlik doğrulamanız (müşteri numarası ile) gerekiyor. Modeminizi fişten çekip 30 saniye sonra tekrar takmayı denemenizi önereceğim. Eğer sorun devam ederse, teknik destek ekibimizin sizinle iletişime geçmesi için geri arama talebinizi oluşturabilirim. Size uygun bir zaman dilimi var mı?"
56,"İnternetim kopuyor, faturamda bir sorun var mı acaba?","İnternet bağlantınızdaki kopma sorununu ve faturanızla ilgili endişelerinizi anlıyorum. Her iki konuyu da ele alabiliriz. Kimlik doğrulamanız için müşteri numaranızı alabilir miyim? İlk olarak internet bağlantınızın (hizmet durumu, bölgesel arıza) kontrolünü yapacağım. Ardından, faturanızın detaylarını kontrol ederek herhangi bir sorun olup olmadığını inceleyeceğim."
57,"Müşteri ID 1234567, bağlantım çok yavaş ve taahhüdümü öğrenmek istiyorum.","Müşteri ID 1234567'ye ait bağlantı hızınızı ve taahhüt bilgilerinizi detaylıca kontrol ediyorum. İnternet hızınızdaki düşüşün olası nedenlerini belirlemek için hizmet durumunuzu ve hız testinizi inceleyeceğim. Ayrıca, taahhüt sorgulama yaparak mevcut taahhüt bitiş tarihinizi ve koşullarınızı size bildireceğim."
58,"Modemim çalışmıyor ve teknik servis numaranızı öğrenebilir miyim?","Modeminizin çalışmadığını anlıyorum. Size yardımcı olabilmek için kimlik doğrulamanız (müşteri numarası ile) gerekiyor. Öncelikle modeminizin güç adaptörünü kontrol edip yeniden başlatmayı denemenizi önereceğim. Eğer sorun devam ederse, teknik destek ekibimize ulaşabileceğiniz iletişim bilgilerini ve tahmini bekleme süresini size iletebilirim."
59,"İnternetim kesiliyor, aynı zamanda kota sorgulamak istiyorum.","İnternet bağlantınızdaki kesintiyi ve güncel kota sorgulama talebinizi anlıyorum. Her iki konuyu da ele alalım. Kimlik doğrulamanız için müşteri numaranızı alabilir miyim? İlk olarak internet bağlantınızın durumunu (hizmet, bölgesel arıza) kontrol edip çözüm adımlarını (IP oturumu sıfırlama) uygulayacağım. Ardından, mevcut kota kullanımınızı ve kalan kotanızı size bildirebilirim."
60,"Faturamda yanlışlık olduğunu düşünüyorum ve internetim kopuk kopuk.","Faturanızda yanlışlık olduğunu düşünmeniz ve internet bağlantınızdaki sorunlar için yardımcı olabilirim. Kimlik doğrulamanız için müşteri numaranızı alabilir miyim? Faturanızdaki detayları inceleyerek itiraz sürecini başlatabilirim. Aynı zamanda, internet bağlantınızdaki kopukluk sorununu çözmek için hizmet durumunuzu kontrol edecek ve IP oturumunuzu sıfırlama gibi adımları uygulayacağım."
61,"Modemimdeki ışıklar yanmıyor, ayrıca paket yükseltmek istiyorum.","Modeminizdeki ışıkların yanmaması bir arıza göstergesi. Bu konuyu ve paket yükseltme talebinizi aynı anda ele alabiliriz. Kimlik doğrulamanız için müşteri numaranızı alabilir miyim? İlk olarak modeminizi güç döngüsü ile yeniden başlatmayı deneyeceğiz. Eğer sorun devam ederse, modem arızası için bir işlem başlatıp, bu arada size uygun mevcut paketleri listeleerek yükseltme seçeneklerini sunacağım."
62,"Müşteri ID 7890123, internetim çok yavaşladı, kaç günlük faturam var?","Müşteri ID 7890123'e ait internet hızınızın düştüğünü ve güncel fatura bilgilerinizi öğrenmek istediğinizi anlıyorum. Size yardımcı olabilmek için hizmet durumunuzu kontrol edecek, hız testi başlatacak ve ardından güncel faturanızın tutarını ve son ödeme tarihinizi size bildireceğim."
63,"Teknisyen randevumu iptal etmek ve yeni bir tarih almak istiyorum.","Evet, teknisyen randevunuzu iptal edebilir ve size uygun yeni bir tarih için yardımcı olabilirim. Kimlik doğrulamanız için müşteri numaranızı alabilir miyim? Ardından, mevcut randevunuzu iptal edip, teknisyen randevu planlama aracımız üzerinden sizin için yeni bir tarih ve saat seçeneği belirleyeceğiz."
64,"Evde internet yok ve internet ayarlarımı güncelleyebilir misiniz?","Evde internetinizin olmaması ciddi bir sorun. Ayrıca internet ayarlarınızı güncelleme talebinizi de anlıyorum. Kimlik doğrulamanız için müşteri numaranızı alabilir miyim? İlk olarak internet bağlantınızın (hizmet durumu, bölgesel arıza) neden kesildiğini kontrol edeceğim. Daha sonra, bağlantı sorununu çözdükten sonra veya paralel olarak, modeminizin internet ayarlarını güncelleme konusunda size rehberlik edebilirim."
65,"Modemimdeki DSL ışığı kırmızı, bir de fatura ödeme geçmişimi görmek istiyorum.","Modeminizdeki DSL ışığının kırmızı olması, DSL hattınızda bir sinyal sorunu olduğunu gösterir. Ayrıca fatura ödeme geçmişinizi de incelemek istediğinizi anlıyorum. Kimlik doğrulamanız için müşteri numaranızı alabilir miyim? İlk olarak modeminizdeki DSL ışığının durumunu kontrol edip hattınızda test başlatacağım. Ardından, size fatura ödeme geçmişinizi listeleyebilirim."
66,"İnternetim ara sıra gidiyor, aynı zamanda mobil uygulamayı soracaktım.","İnternet bağlantınızdaki ara sıra yaşanan kesintileri ve mobil uygulamamız hakkındaki sorunuzu anlıyorum. Kimlik doğrulamanız için müşteri numaranızı alabilir miyim? İnternet bağlantınızın durumunu (hizmet, IP oturumu) kontrol edip çözüm adımlarını uygulayacağım. Ardından, mobil uygulamamızın özelliklerini ve nasıl kullanabileceğinizi size anlatabilirim."
67,"Müşteri ID 3456789, internet hızım düşük ve adres değişikliği talebim vardı.","Müşteri ID 3456789'a ait internet hızınızın düşük olduğunu ve adres değişikliği talebiniz olduğunu anlıyorum. Kimlik doğrulamanız yapıldıktan sonra, hem internet hızınızın neden düşük olduğunu belirlemek için hız testi yapacağım hem de adres değişikliği talebinizi işleme alıp sürecini size anlatacağım."
68,"Modemimdeki tüm ışıklar kapalı ve yeni kampanyaları öğrenmek istiyorum.","Modeminizdeki tüm ışıkların kapalı olması bir arıza göstergesi. Ayrıca yeni kampanyalarımızı merak ettiğinizi anlıyorum. Kimlik doğrulamanız için müşteri numaranızı alabilir miyim? Öncelikle modeminizi güç döngüsü ile yeniden başlatmayı deneyeceğiz. Eğer sorun devam ederse, modem arızası için bir işlem başlatıp, bu arada size uygun yeni kampanyalarımızı ve indirimlerimizi listeleerek bilgi vereceğim."
69,"İnternet bağlantım sürekli kesiliyor, aynı zamanda telefon hattımı taşıyabilir miyim?","İnternet bağlantınızdaki sürekli kesintileri ve telefon hattınızı taşıma talebinizi anlıyorum. Kimlik doğrulamanız için müşteri numaranızı alabilir miyim? İlk olarak internet bağlantınızın durumunu (hizmet, bölgesel arıza) kontrol edip çözüm adımlarını (IP oturumu sıfırlama) uygulayacağım. Ardından, telefon hattınızı taşıma süreci, koşulları ve olası ücretlendirmeler hakkında size detaylı bilgi verebilirim."
70,"Faturamda ek ücretler görüyorum ve internetim yavaş.","Faturanızda ek ücretler olduğunu ve internetinizin yavaş çalıştığını anlıyorum. Her iki konuyu da açıklığa kavuşturalım. Kimlik doğrulamanız için müşteri numaranızı alabilir miyim? Faturanızdaki ek ücretlerin detayını size açıklayacağım ve gerekirse itiraz sürecini başlatacağım. Aynı zamanda, internet hızınızdaki düşüşü kontrol etmek için hız testi yapacak ve IP oturumunuzu sıfırlama gibi adımları uygulayacağım."
71,"Modemin açma kapama düğmesi bozuldu, bir de teknik servis çalışma saatleri nelerdir?","Modeminizin açma kapama düğmesinin bozulması teknik bir arıza ve değişim gerektirebilir. Ayrıca teknik servisimizin çalışma saatlerini de merak ettiğinizi anlıyorum. Kimlik doğrulamanız için müşteri numaranızı alabilir miyim? Modeminizin durumu için bir arıza kaydı oluşturup değişim sürecini başlatabiliriz. Ardından, size teknik servisimizin haftanın hangi günleri ve hangi saatlerde hizmet verdiğini detaylıca bildireceğim."
72,"İnternetim arada sırada kopuyor, aynı zamanda internet güvenliği hakkında bilgi alabilir miyim?","İnternet bağlantınızdaki ara sıra yaşanan kopmaları ve internet güvenliği hakkında bilgi alma talebinizi anlıyorum. Kimlik doğrulamanız için müşteri numaranızı alabilir miyim? İnternet bağlantınızın durumunu (hizmet, IP oturumu) kontrol edip çözüm adımlarını uygulayacağım. Ardından, internet güvenliğinizi artırmak için alabileceğiniz önlemler, antivirüs yazılımları, VPN kullanımı gibi genel bilgiler sunabilirim."
73,"Müşteri ID 4567890, internetim çok yavaş, aynı zamanda arkadaşımı getirene kampanya var mı?","Müşteri ID 4567890'a ait internet hızınızın düşük olduğunu ve arkadaşını getirene özel kampanyalarımızı merak ettiğinizi anlıyorum. Kimlik doğrulamanız yapıldıktan sonra, hem internet hızınızı kontrol edip iyileştirme adımları uygulayacağım hem de arkadaşını getirene özel mevcut kampanyalarımızın koşulları ve avantajları hakkında bilgi vereceğim."
74,"Modemim kapanıp açılıyor, bir de son ödeme tarihimi öğrenebilir miyim?","Modeminizin kendiliğinden kapanıp açılması bir arıza belirtisidir. Ayrıca son ödeme tarihinizi öğrenmek istediğinizi anlıyorum. Kimlik doğrulamanız için müşteri numaranızı alabilir miyim? İlk olarak modeminizin durumu için bir güç döngüsü ve hat testi yapacağım. Ardından, sistemimizden son faturanızın tutarını ve ödeme tarihini sorgulayıp size ileteceğim."
75,"İnternetim çok yavaş, aynı zamanda şikayetimi iletmek istiyorum.","İnternet hızınızın düşük olduğunu ve bir şikayet iletmek istediğinizi anlıyorum. Kimlik doğrulamanız için müşteri numaranızı alabilir miyim? Öncelikle internet hızınızın neden düşük olduğunu belirlemek için hız testi yapacağım ve IP oturumunuzu sıfırlamayı deneyeceğim. Bu sorunu çözdükten sonra veya paralel olarak, şikayetinizi detaylı bir şekilde kayda alıp ilgili birime ileteceğim."
76,"Faturamı e-posta ile almak istiyorum ve internet bağlantım kopuk kopuk.","Faturanızı e-posta ile almak ve internet bağlantı sorununuzu çözmek istediğinizi anlıyorum. Kimlik doğrulamanız için müşteri numaranızı alabilir miyim? İlk olarak e-fatura ayarlarınızı güncelleyecek ve faturanızın e-posta adresinize gönderilmesini sağlayacağım. Ardından, internet bağlantınızdaki kopukluğun nedenlerini (hizmet durumu, IP oturumu) kontrol edip çözüm adımlarını uygulayacağım."
77,"Modemimi resetledim ama internet gelmedi, bir de IP adresimi öğrenebilir miyim?","Modeminizi resetlemenize rağmen internetin gelmemesi ciddi bir arıza göstergesidir. Ayrıca IP adresinizi de öğrenmek istediğinizi anlıyorum. Kimlik doğrulamanız için müşteri numaranızı alabilir miyim? Öncelikle modeminizi tekrar bir güç döngüsü ile başlatmayı ve hattınızın durumunu kontrol etmeyi deneyeceğiz. Daha sonra, mevcut IP adresinizi size bildirebilirim."
78,"Müşteri ID 9876543, internetim çok yavaş, aynı zamanda adresime fiber gelecek mi?","Müşteri ID 9876543'e ait internet hızınızın düşük olduğunu ve adresinize fiber altyapısının gelip gelmeyeceğini merak ettiğinizi anlıyorum. Kimlik doğrulamanız yapıldıktan sonra, hem internet hızınızı kontrol edip iyileştirme adımları uygulayacağım hem de adresinizdeki fiber altyapı uygunluğunu ve planlanan çalışmaları sorgulayıp size bilgi vereceğim."
79,"Akşamları internet kopuyor, bir de taahhüdümü iptal etmek istiyorum.","Akşamları internetinizin koptuğunu ve taahhüdünüzü iptal etmek istediğinizi anlıyorum. Kimlik doğrulamanız için müşteri numaranızı alabilir miyim? Öncelikle internet bağlantınızdaki sorunun (hizmet, bölgesel arıza) nedenlerini kontrol edip çözüm adımlarını uygulayacağım. Ardından, taahhüt iptal süreci, erken ayrılık ücretleri ve olası sonuçları hakkında size detaylı bilgi verebilirim."
80,"Modemimden WiFi sinyali gelmiyor ve ev telefonum çalışmıyor.","Modeminizden WiFi sinyali gelmemesi ve ev telefonunuzun çalışmaması, genellikle genel bir modem arızası, güç sorunu veya bölgesel bir kesintiye işaret eder. Kimlik doğrulamanız için müşteri numaranızı alabilir miyim? Öncelikle modeminizi güç döngüsü ile yeniden başlatmayı deneyeceğiz ve ardından hem WiFi hem de ev telefonu hattınızın durumunu kontrol edeceğiz."
81,"Müşteri numarası 999999999 olan kişinin faturasını getirin.","Belirttiğiniz müşteri numarasına (999999999) ait bir kayıt bulunamadı. Lütfen bilgilerinizi kontrol edip tekrar deneyiniz. Size yardımcı olabilmem için geçerli bir müşteri numarası veya kimlik doğrulama bilgisi gerekiyor."
82,"Modemimin model numarası XYZ123 ama ışıkları yanmıyor.","Verdiğiniz 'XYZ123' model numarası geçersiz görünüyor, bu bir modem model numarası değil. Lütfen modemin tam model numarasını (genellikle modemin altında veya arkasında yazar) kontrol edip tekrar deneyiniz. Eğer modeminizde hiç ışık yanmıyorsa, fişten çekip 30 saniye sonra tekrar takmayı da deneyebilirsiniz."
83,"Geçersiz bir tarih verdim: 32.13.2023 için teknisyen randevusu oluştur.","Üzgünüm, '32.13.2023' geçersiz bir tarih formatı. Lütfen randevu için geçerli bir gün, ay ve yıl bilgisi (örneğin GG.AA.YYYY) girerek tekrar deneyiniz."
84,"Müşteri numarası 0000000 ile internetimin durumunu kontrol edin.","Belirttiğiniz müşteri numarasına (0000000) ait bir kayıt bulunamadı. Lütfen bilgilerinizi kontrol edip tekrar deneyiniz. İnternetinizin durumunu kontrol edebilmem için geçerli bir müşteri numarası veya kimlik doğrulama bilgisi gerekiyor."
85,"Çok saçma bir paket istiyorum, adı 'Süper Mega Hızlı Uçan İnternet'.","Anlıyorum, ilginç bir paket adı! Ancak 'Süper Mega Hızlı Uçan İnternet' adında bir paketimiz bulunmamaktadır. Size mevcut ve yasal tarifelerimizdeki internet paketlerini listeleyebilirim. İlgilenir misiniz, böylece size en uygun hızı ve fiyatı sunabilirim?"
86,"Abonelik numaramı unuttum, faturalarımı görmem lazım.","Abonelik numaranızı unuttuğunuzu anlıyorum. Faturalarınıza erişebilmeniz için kimliğinizi doğrulamamız gerekiyor. Lütfen T.C. kimlik numaranızı veya kayıtlı telefon numaranızı söyleyebilir misiniz? Bu sayede size son faturalarınız hakkında bilgi verebilirim."
87,"İstanbul'da bir arıza var mıydı, yanlış adres verdim: 'Cevizlibağ Köyü'.","Üzgünüm, 'Cevizlibağ Köyü' şeklinde bir adres bilgisi geçerli değildir. İstanbul'da bölgesel arıza kontrolü yapabilmem için lütfen ilçe ve mahalle gibi daha doğru adres bilgilerini belirtir misiniz? Örneğin, 'İstanbul, Avcılar, Ambarlı Mahallesi' gibi."
88,"Şifremi hatırlamıyorum, modeme nasıl erişirim?","Modem şifrenizi unuttuğunuzu anlıyorum. Modem şifresini sıfırlama işlemi genellikle modemin arkasındaki küçük bir reset düğmesine 10-15 saniye basılı tutarak yapılır. Bu işlem modemi fabrika ayarlarına döndürecektir ve varsayılan şifresi (genellikle modemin altında yazar) ile tekrar erişebilirsiniz. Ancak bu, tüm ayarlarınızın silineceği anlamına gelir. Adım adım yardımcı olabilirim."
89,"Müşteri ID 1111111'in kullanım kotası, ama tarihi 01.00.2023 olarak belirttim.","Üzgünüm, '01.00.2023' geçersiz bir tarih formatı. Lütfen geçerli bir gün, ay ve yıl bilgisi (örneğin GG.AA.YYYY) girerek tekrar deneyiniz. Örneğin, '01.01.2023' veya '1 Ocak 2023' gibi."
90,"Faturamı ödemek istiyorum ama IBAN numarasını yanlış girdim.","Anladım, faturanızı ödemek isterken IBAN numarası hatası aldınız. Lütfen IBAN numarasını dikkatlice kontrol edip tekrar deneyiniz. Doğru IBAN numaramızı size tekrar verebilirim. Hatalı IBAN girişi ödemenizin ulaşmamasına neden olabilir."
91,"Modemin markasını unuttum, yine de resetleyebilir miyim?","Evet, modemin markasını unutsanız bile resetleme işlemini gerçekleştirebilirsiniz. Çoğu modemin arkasında küçük bir reset düğmesi bulunur. Bu düğmeye bir ataç veya iğne yardımıyla 10-15 saniye kadar basılı tutarak modemi fabrika ayarlarına döndürebilirsiniz. Bu işlem genellikle internet sorunlarını çözmeye yardımcı olur."
92,"Müşteri ID'mi bilmiyorum, internetim kesik kesik.","Müşteri ID'nizi bilmediğinizi anlıyorum. İnternet bağlantınızdaki kesintiyi kontrol edebilmem ve size yardımcı olabilmem için kimliğinizi doğrulamamız gerekiyor. Lütfen kayıtlı telefon numaranızı veya T.C. kimlik numaranızı söyleyebilir misiniz?"
93,"Faturamda 'diğer ücretler' diye bir şey var, anlamadım.","Faturanızdaki 'diğer ücretler' kalemini anlamadığınızı anlıyorum. Bu kalem genellikle ek hizmetler, aktivasyon ücretleri, erken sonlandırma cezaları veya önceki dönemlerden kalan bakiyeler gibi tek seferlik veya periyodik eklemeleri kapsayabilir. Müşteri numaranızı alarak faturanızın detaylarına bakabilir ve bu spesifik ücret kaleminin ne anlama geldiğini size açıklayabilirim."
94,"Bugün saat 25:00 için teknisyen randevusu istiyorum.","Üzgünüm, '25:00' geçerli bir saat dilimi değildir. Randevularımızı 00:00 ile 23:59 saatleri arasında planlayabiliyoruz. Lütfen geçerli bir saat (örneğin, '15:00' veya 'öğleden sonra 3') girer misiniz?"
95,"İnternetim çok yavaş, ama ben hiç müşteri numaramı vermem.","İnternet hızınızdaki düşüşü anlıyorum ve bu konuda size yardımcı olmak isterim. Ancak hattınızın hızını test etmek, bölgesel durumu kontrol etmek veya herhangi bir teknik destek sağlamak için müşteri numaranız veya T.C. kimlik numaranızla kimlik doğrulaması yapmamız yasal bir gerekliliktir. Bu bilgi olmadan hattınızla ilgili işlem yapamıyorum."
96,"Modemimdeki ışıklar dans ediyor, bana şarkı söyler misiniz?","Modeminizdeki ışıkların beklenmedik şekilde davrandığını anlıyorum ve bunun bir sorun olduğunu gösteriyor. Ben bir yapay zeka olduğum için maalesef şarkı söyleme yeteneğim bulunmamaktadır. Ancak internet bağlantınızdaki bu durumu düzeltmenize yardımcı olabilirim. Sorunla ilgili daha fazla detay verebilir misiniz?"
97,"Müşteri ID: INVALID_ID, ping testi yapar mısınız?","Belirttiğiniz 'INVALID_ID' müşteri numarası geçersizdir. Lütfen doğru müşteri numaranızı veya kimlik bilgilerinizi kontrol edip tekrar deneyiniz. Ping testi yapabilmem için geçerli bir müşteri kimliğine ihtiyacım var."
98,"Fatura tarihini hatırlamıyorum, bu ayki borcumu söyleyin.","Fatura tarihinizi hatırlamadığınızı anlıyorum. Size bu aya ait güncel borcunuzu ve son ödeme tarihinizi bildirebilirim. Kimlik doğrulamanız için müşteri numaranızı alabilir miyim?"
99,"Şifremi sıfırlamak istiyorum ama telefon numaramı vermek istemiyorum.","Şifre sıfırlama talebinizi anlıyorum. Ancak güvenlik nedeniyle, kimliğinizi doğrulamak için kayıtlı telefon numaranıza bir doğrulama kodu göndermemiz veya sistemimizde kayıtlı diğer bilgilerinizle (örneğin T.C. kimlik numarası) doğrulama yapmamız gerekmektedir. Bu bilgi olmadan şifre sıfırlama işlemi gerçekleştiremem."
100,"Bana en ucuz internet paketini söyle, ama internet hızım 1 Gbps'den az olmasın.","Anlıyorum, hem en ucuz hem de hızı 1 Gbps'den az olmayan bir internet paketi arıyorsunuz. Şu anki güncel kampanyalarımızda ve paketlerimizde bu spesifik kriterlere (hem en ucuz hem de en az 1 Gbps) tam olarak uyan bir paket maalesef bulunmamaktadır. Ancak, size 1 Gbps hızına yakın veya en uygun fiyatlı yüksek hızlı diğer paketlerimizi önerebilirim. İlgilenir misiniz?"